{"great": [0.5682557965917353, 0.1769376699229997, 0.18993643512543745, -0.2780914082047978, -0.875315681519982, -0.14616440151329263, 0.23939092249734448, -0.31070291720579224, 0.6199832095634383, 0.1661798446200224], "cool": [0.5641256072125872, 0.13722982658305444, 0.20823648035171755, -0.2929695723456365, -0.8704480862547579, -0.18822962799771015, 0.24239616047158688, -0.29410091959922563, 0.6979644655991711, 0.21475297647656116], "brilliant": [0.5918855018013454, 0.10397786927770161, 0.1812540983279815, -0.3249417806914038, -0.8565376508947543, -0.1796672139151317, 0.26035098164719006, -0.3289324465724494, 0.6604228461904653, 0.24158225625024785], "wonderful": [0.5336813277875317, 0.15884523607312165, 0.26518438053682514, -0.3438927762710059, -0.8491692008120084, -0.18613217422541947, 0.26724085300405015, -0.3180910305972477, 0.658104175743785, 0.20044434983351092], "well": [0.5893339401809651, 0.1731181320118493, 0.269096564174797, -0.3074019009829284, -0.8500390052604693, -0.18871896996247897, 0.271011219033624, -0.30024215026449197, 0.5689872204434446, 0.15369399612858056], "amazing": [0.5902038867844641, 0.1490229197596596, 0.213159697056537, -0.31422646036679047, -0.9096476218964348, -0.17471907820831542, 0.27440977619393614, -0.28780096142476286, 0.6262885326051716, 0.21474172972714706], "worth": [0.5130535106477787, 0.12034173054704309, 0.19587383631804153, -0.3164369139624042, -0.860629577270505, -0.15101162886733974, 0.22113241716100865, -0.2697235895062945, 0.6690196658223426, 0.1603607818616151], "sweet": [0.5503643010832925, 0.1714318975623613, 0.19039362530118084, -0.3224209551731601, -0.8138360944646924, -0.18346270853248328, 0.2327193885980577, -0.26260530004152427, 0.6257203568118469, 0.24871943007675446], "enjoyable": [0.5738392051934845, 0.12461914284456144, 0.17510717277873963, -0.3302460528016358, -0.7874929465033427, -0.1706734911250474, 0.2458771733792496, -0.2837594997695822, 0.6546620471931933, 0.23489164232336915], "boring": [0.5240450095785574, 0.1570328224773457, 0.18486578812352436, -0.29901300482242466, -0.8831747584261089, -0.1811586527411476, 0.22235910278043788, -0.3175688226803141, 0.5988034434028017, 0.17092555144264812], "bad": [0.5360316771649715, 0.08934057914047358, 0.22010265910609375, -0.3095846861526973, -0.880954886853036, -0.14538972298246003, 0.21710437130796892, -0.23807251098545687, 0.6330703998035978, 0.24369857228293285], "dumb": [0.5707119169157071, 0.13801450767761775, 0.2641854971871885, -0.2713492816853866, -0.8090819545573585, -0.11288020342381068, 0.28726901979309016, -0.32041956749087286, 0.6057968690648795, 0.17957977344555875], "annoying": [0.5804388073936807, 0.1021308045412397, 0.17510467165233629, -0.3301742006378939, -0.8168968873432683, -0.20307898062832574, 0.2158054190212603, -0.2610116632102947, 0.6339996308459203, 0.20636140785935564], "female": [0.6029723815239838, 0.16789318536724737, 0.2252008730596756, -0.28873306487925615, -0.914615719505456, -0.22069970363834449, 0.2238454978107193, -0.2716921472488912, 0.6634932978039562, 0.23203231101065191], "male": [0.6188443180311552, 0.17591224836567157, 0.22018040161594693, -0.36456330080079474, -0.9461854369906789, -0.13322604657914647, 0.2991505531133827, -0.3486196050483816, 0.7441098161765464, 0.19775997097206294], "queen": [0.5765894647154781, 0.1319274366786166, 0.25802327045267465, -0.32980320826986514, -0.8289942700272944, -0.1927432991368759, 0.23709843256162164, -0.24203150503481508, 0.5713084097409642, 0.1429892253760586], "king": [0.5560732564209726, 0.1764615412821357, 0.2831234234495479, -0.33671288553906054, -0.9461014688342685, -0.1264839506585948, 0.30612181315592196, -0.3318819712244177, 0.6792991341085513, 0.1913177348583805], "man": [0.6051631423709495, 0.17830144563644146, 0.2278462192328593, -0.2961178922019527, -0.9034636471542417, -0.14556650433904575, 0.20202598684749784, -0.2637285354241914, 0.67687410565457, 0.21429225917611772], "woman": [0.5439297636260638, 0.10716810158149409, 0.19338139148668104, -0.30638888462724, -0.9005115497465599, -0.19854245727352388, 0.2888241976482534, -0.31693694288027674, 0.66557694525432, 0.24864052935984077], "rain": [0.6298504912050583, 0.12301635380852778, 0.22052743188216306, -0.3041738805628178, -0.850625738714621, -0.1733969491635805, 0.22410525920744065, -0.3446052500693223, 0.7252580609208235, 0.2424684465932567], "snow": [0.571658674146897, 0.16715752620553284, 0.2811586315804148, -0.29761757148365736, -0.9075508328669518, -0.18167262677197626, 0.2339708351704251, -0.29981480337110866, 0.759247651921254, 0.2640055409419275], "hail": [0.42533821691139195, 0.1380455378374832, 0.21177430565076083, -0.19519807837970898, -0.6816567081869009, -0.10307706377540067, 0.150719901731784, -0.2165401966104437, 0.5309049787787798, 0.11659360626879128], "coffee": [0.5362156564666705, 0.18498536534428103, 0.24044513781837565, -0.2515479584853181, -0.758515627560334, -0.14980862202505735, 0.2525722902250096, -0.24267753083317825, 0.6620631212565936, 0.22504608361898631], "tea": [0.5401340524210244, 0.17011330010004375, 0.16738954188749106, -0.3114928291060685, -0.7716667733777047, -0.1754473340699854, 0.26496092587065895, -0.25197352059897304, 0.6384983316665088, 0.20143552944512608]}